{
  "evaluation_summary": {
    "best_model": "logistic_regression",
    "selection_criteria": "f1_score",
    "total_models_evaluated": 3,
    "model_comparison": {
      "logistic_regression": {
        "f1_score": 0.8796296296296297,
        "precision": 0.7916666666666666,
        "recall": 0.9895833333333334,
        "accuracy": 0.7851239669421488,
        "auc": 0.5920833333333333
      },
      "random_forest": {
        "f1_score": 0.8792270531400966,
        "precision": 0.8198198198198198,
        "recall": 0.9479166666666666,
        "accuracy": 0.7933884297520661,
        "auc": 0.6029166666666668
      },
      "xgboost": {
        "f1_score": 0.8669950738916257,
        "precision": 0.822429906542056,
        "recall": 0.9166666666666666,
        "accuracy": 0.7768595041322314,
        "auc": 0.6308333333333332
      }
    }
  },
  "detailed_results": {
    "logistic_regression": {
      "model_name": "logistic_regression",
      "metrics": {
        "accuracy": 0.7851239669421488,
        "precision": 0.7916666666666666,
        "recall": 0.9895833333333334,
        "f1_score": 0.8796296296296297,
        "auc": 0.5920833333333333
      },
      "confusion_matrix_analysis": {
        "confusion_matrix": {
          "tn": 0,
          "fp": 25,
          "fn": 1,
          "tp": 95
        },
        "business_insights": {
          "correct_predictions": 95,
          "incorrect_predictions": 26,
          "missed_purchases": 1,
          "false_alarms": 25,
          "total_purchases": 96,
          "predicted_purchases": 120,
          "purchase_prediction_rate": 0.9917355371900827,
          "actual_purchase_rate": 0.7933884297520661,
          "missed_opportunity_rate": 0.010416666666666666
        }
      },
      "classification_report": {
        "0": {
          "precision": 0.0,
          "recall": 0.0,
          "f1-score": 0.0,
          "support": 25.0
        },
        "1": {
          "precision": 0.7916666666666666,
          "recall": 0.9895833333333334,
          "f1-score": 0.8796296296296297,
          "support": 96.0
        },
        "accuracy": 0.7851239669421488,
        "macro avg": {
          "precision": 0.3958333333333333,
          "recall": 0.4947916666666667,
          "f1-score": 0.4398148148148148,
          "support": 121.0
        },
        "weighted avg": {
          "precision": 0.628099173553719,
          "recall": 0.7851239669421488,
          "f1-score": 0.6978879706152433,
          "support": 121.0
        }
      },
      "test_samples": 121
    },
    "random_forest": {
      "model_name": "random_forest",
      "metrics": {
        "accuracy": 0.7933884297520661,
        "precision": 0.8198198198198198,
        "recall": 0.9479166666666666,
        "f1_score": 0.8792270531400966,
        "auc": 0.6029166666666668
      },
      "confusion_matrix_analysis": {
        "confusion_matrix": {
          "tn": 5,
          "fp": 20,
          "fn": 5,
          "tp": 91
        },
        "business_insights": {
          "correct_predictions": 96,
          "incorrect_predictions": 25,
          "missed_purchases": 5,
          "false_alarms": 20,
          "total_purchases": 96,
          "predicted_purchases": 111,
          "purchase_prediction_rate": 0.9173553719008265,
          "actual_purchase_rate": 0.7933884297520661,
          "missed_opportunity_rate": 0.052083333333333336
        }
      },
      "classification_report": {
        "0": {
          "precision": 0.5,
          "recall": 0.2,
          "f1-score": 0.2857142857142857,
          "support": 25.0
        },
        "1": {
          "precision": 0.8198198198198198,
          "recall": 0.9479166666666666,
          "f1-score": 0.8792270531400966,
          "support": 96.0
        },
        "accuracy": 0.7933884297520661,
        "macro avg": {
          "precision": 0.6599099099099099,
          "recall": 0.5739583333333333,
          "f1-score": 0.5824706694271912,
          "support": 121.0
        },
        "weighted avg": {
          "precision": 0.7537413446504355,
          "recall": 0.7933884297520661,
          "f1-score": 0.756600448300053,
          "support": 121.0
        }
      },
      "test_samples": 121
    },
    "xgboost": {
      "model_name": "xgboost",
      "metrics": {
        "accuracy": 0.7768595041322314,
        "precision": 0.822429906542056,
        "recall": 0.9166666666666666,
        "f1_score": 0.8669950738916257,
        "auc": 0.6308333333333332
      },
      "confusion_matrix_analysis": {
        "confusion_matrix": {
          "tn": 6,
          "fp": 19,
          "fn": 8,
          "tp": 88
        },
        "business_insights": {
          "correct_predictions": 94,
          "incorrect_predictions": 27,
          "missed_purchases": 8,
          "false_alarms": 19,
          "total_purchases": 96,
          "predicted_purchases": 107,
          "purchase_prediction_rate": 0.8842975206611571,
          "actual_purchase_rate": 0.7933884297520661,
          "missed_opportunity_rate": 0.08333333333333333
        }
      },
      "classification_report": {
        "0": {
          "precision": 0.42857142857142855,
          "recall": 0.24,
          "f1-score": 0.3076923076923077,
          "support": 25.0
        },
        "1": {
          "precision": 0.822429906542056,
          "recall": 0.9166666666666666,
          "f1-score": 0.8669950738916257,
          "support": 96.0
        },
        "accuracy": 0.7768595041322314,
        "macro avg": {
          "precision": 0.6255006675567423,
          "recall": 0.5783333333333334,
          "f1-score": 0.5873436907919667,
          "support": 121.0
        },
        "weighted avg": {
          "precision": 0.7410541879530833,
          "recall": 0.7768595041322314,
          "f1-score": 0.7514366511231716,
          "support": 121.0
        }
      },
      "test_samples": 121
    }
  },
  "business_insights": {
    "selected_model": "logistic_regression",
    "missed_purchase_opportunities": 1,
    "wasted_marketing_spend": 25,
    "correct_predictions": 95,
    "model_precision": 0.7916666666666666,
    "model_recall": 0.9895833333333334,
    "trade_off_analysis": ".2f.2fbusiness context where maximizing revenue opportunities is prioritized over precise targeting."
  }
}