{
  "training_info": {
    "random_seed": 42,
    "train_samples": 559,
    "val_samples": 120,
    "features": [
      "time_spent",
      "pages_viewed",
      "basket_value",
      "device_type_Desktop",
      "device_type_Mobile",
      "device_type_Tablet",
      "device_type_Unknown",
      "customer_type_New",
      "customer_type_Returning"
    ]
  },
  "model_performance": {
    "logistic_regression": {
      "train_metrics": {
        "accuracy": 0.7871198568872988,
        "precision": 0.7885304659498208,
        "recall": 0.9977324263038548,
        "f1_score": 0.8808808808808809
      },
      "val_metrics": {
        "accuracy": 0.7916666666666666,
        "precision": 0.7916666666666666,
        "recall": 1.0,
        "f1_score": 0.8837209302325582
      }
    },
    "random_forest": {
      "train_metrics": {
        "accuracy": 0.9892665474060823,
        "precision": 0.9865771812080537,
        "recall": 1.0,
        "f1_score": 0.9932432432432432
      },
      "val_metrics": {
        "accuracy": 0.7583333333333333,
        "precision": 0.7894736842105263,
        "recall": 0.9473684210526315,
        "f1_score": 0.861244019138756
      }
    },
    "xgboost": {
      "train_metrics": {
        "accuracy": 0.9749552772808586,
        "precision": 0.9692307692307692,
        "recall": 1.0,
        "f1_score": 0.984375
      },
      "val_metrics": {
        "accuracy": 0.6833333333333333,
        "precision": 0.7714285714285715,
        "recall": 0.8526315789473684,
        "f1_score": 0.81
      }
    }
  }
}